{"color":[1,1,1,1,1,1,1,1,1,1,1,1,1,1,1,1,1,1,1,1,1,1,1,1,1,1,1,1,1,1,1,1,1,1,1,1,1,1,1,1,1,1,1,1,1,2,2,2,2,2,2,2,2,2,2,2,2,2,2,2,2,2,2,2,2,2,2,2,2,2,2,2,2,2,2,2,2,2,2,2,2,2,2,2,2,2,2,2,2,2,3,3,3,3,3,3,3,3,3,3,3,3,3,3,3,3,3,3,3,3,3,3,3,3,3,3,3,3,3,3,3,3,3,3,3,3,3,3,3,3,3,3,3,3,3,4,4,4,4,4,4,4,4,4,4,4,4,4,4,4,4,4,4,4,4,4,4,4,4,4,4,4,4,4,4,4,4,4,4,4,4,4,4,4,4,4,4,4,4,4],"level":[1,2,3,4,5,6,7,8,9,10,11,12,13,14,15,16,17,18,19,20,21,22,23,24,25,26,27,28,29,30,31,32,33,34,35,36,37,38,39,40,41,42,43,44,45,1,2,3,4,5,6,7,8,9,10,11,12,13,14,15,16,17,18,19,20,21,22,23,24,25,26,27,28,29,30,31,32,33,34,35,36,37,38,39,40,41,42,43,44,45,1,2,3,4,5,6,7,8,9,10,11,12,13,14,15,16,17,18,19,20,21,22,23,24,25,26,27,28,29,30,31,32,33,34,35,36,37,38,39,40,41,42,43,44,45,1,2,3,4,5,6,7,8,9,10,11,12,13,14,15,16,17,18,19,20,21,22,23,24,25,26,27,28,29,30,31,32,33,34,35,36,37,38,39,40,41,42,43,44,45],"exp":[0,10,50,210,590,1390,2790,5090,9290,15290,23360,33959,49900,73908,106894,151080,209019,283621,378175,496370,642321,820590,1036212,1294713,1602138,1965072,2390661,2886640,3461351,4123769,4883523,5750922,6736976,7853418,9112730,1.0528163E7,1.2113762E7,1.3884389E7,1.5855745E7,1.8044393E7,2.0467783E7,2.3144272E7,2.609315E7,2.9334662E7,3.2890029E7,0,10,50,210,590,1390,2790,5090,9290,15290,23360,33959,49900,73908,106894,151080,209019,283621,378175,496370,642321,820590,1036212,1294713,1602138,1965072,2390661,2886640,3461351,4123769,4883523,5750922,6736976,7853418,9112730,1.0528163E7,1.2113762E7,1.3884389E7,1.5855745E7,1.8044393E7,2.0467783E7,2.3144272E7,2.609315E7,2.9334662E7,3.2890029E7,0,10,50,210,590,1390,2790,5090,9290,15290,23360,33959,49900,73908,106894,151080,209019,283621,378175,496370,642321,820590,1036212,1294713,1602138,1965072,2390661,2886640,3461351,4123769,4883523,5750922,6736976,7853418,9112730,1.0528163E7,1.2113762E7,1.3884389E7,1.5855745E7,1.8044393E7,2.0467783E7,2.3144272E7,2.609315E7,2.9334662E7,3.2890029E7,0,10,50,210,590,1390,2790,5090,9290,15290,23360,33959,49900,73908,106894,151080,209019,283621,378175,496370,642321,820590,1036212,1294713,1602138,1965072,2390661,2886640,3461351,4123769,4883523,5750922,6736976,7853418,9112730,1.0528163E7,1.2113762E7,1.3884389E7,1.5855745E7,1.8044393E7,2.0467783E7,2.3144272E7,2.609315E7,2.9334662E7,3.2890029E7]}